Workbook

Sheet Нормативы
A1: Методика учебной оценки категории риска
A3: Показатель | B3: Порог | C3: Единица | D3: Применение
A4: Индекс износа — высокая категория | B4: 70 | C4: % | D4: Высокая при значении не ниже порога
A5: Вибрация — высокая категория | B5: 5 | C5: мм/с | D5: Высокая при значении не ниже порога
A6: Индекс износа — средняя категория | B6: 40 | C6: % | D6: Средняя, если не выполнено условие высокой
A7: Вибрация — средняя категория | B7: 2.5 | C7: мм/с | D7: Средняя, если не выполнено условие высокой
A9: Источник базового SHM-набора | B9: https://www.kaggle.com/datasets/programmer3/aging-bridge-shm-time-series-dataset
A10: Справочник мостов FHWA NBI | B10: https://services.arcgis.com/xOi1kZaI0eWDREZv/ArcGIS/rest/services/NTAD_National_Bridge_Inventory/FeatureServer
A12: Примечание. Пороги риска в этой работе используются только как учебное правило для группировки. Они не являются нормативом безопасности мостов. Числовой профиль сформирован на основе открытого SHM-набора; район, тип конструкции, обслуживающая организация и категория риска приведены к структуре варианта 54.

Sheet Исходные данные
A1: Вариант 54. Мониторинг состояния мостов и путепроводов — 60 записей
A2: № объекта | B2: Район | C2: Тип конструкции | D2: Уровень вибрации, мм/с | E2: Индекс износа, % | F2: Обслуживающая организация | G2: Категория риска | H2: Код строки | I2: Источник данных
A3: 1 | B3: Центральный | C3: Стальной балочный | D3: 4.79 | E3: 44 | F3: City Bridge Service | G3: =IF(OR(E3>=Нормативы!$B$4,D3>=Нормативы!$B$5),"Высокая",IF(OR(E3>=Нормативы!$B$6,D3>=Нормативы!$B$7),"Средняя","Низкая")) -> Средняя | H3: SHM-001 | I3: https://www.kaggle.com/datasets/programmer3/aging-bridge-shm-time-series-dataset
A4: 2 | B4: Промышленный | C4: Железобетонный балочный | D4: 3.52 | E4: 39.7 | F4: Urban Structures Unit | G4: =IF(OR(E4>=Нормативы!$B$4,D4>=Нормативы!$B$5),"Высокая",IF(OR(E4>=Нормативы!$B$6,D4>=Нормативы!$B$7),"Средняя","Низкая")) -> Средняя | H4: SHM-002 | I4: https://www.kaggle.com/datasets/programmer3/aging-bridge-shm-time-series-dataset
A5: 3 | B5: Западный | C5: Коробчатый железобетонный | D5: 3.23 | E5: 43.8 | F5: InfraRoad Maintenance | G5: =IF(OR(E5>=Нормативы!$B$4,D5>=Нормативы!$B$5),"Высокая",IF(OR(E5>=Нормативы!$B$6,D5>=Нормативы!$B$7),"Средняя","Низкая")) -> Средняя | H5: SHM-003 | I5: https://www.kaggle.com/datasets/programmer3/aging-bridge-shm-time-series-dataset
A6: 4 | B6: Восточный | C6: Арочный стальной | D6: 4.14 | E6: 50.9 | F6: City Bridge Service | G6: =IF(OR(E6>=Нормативы!$B$4,D6>=Нормативы!$B$5),"Высокая",IF(OR(E6>=Нормативы!$B$6,D6>=Нормативы!$B$7),"Средняя","Низкая")) -> Средняя | H6: SHM-004 | I6: https://www.kaggle.com/datasets/programmer3/aging-bridge-shm-time-series-dataset
A7: 5 | B7: Восточный | C7: Вантовый | D7: 6.24 | E7: 69.4 | F7: Urban Structures Unit | G7: =IF(OR(E7>=Нормативы!$B$4,D7>=Нормативы!$B$5),"Высокая",IF(OR(E7>=Нормативы!$B$6,D7>=Нормативы!$B$7),"Средняя","Низкая")) -> Высокая | H7: SHM-005 | I7: https://www.kaggle.com/datasets/programmer3/aging-bridge-shm-time-series-dataset
A8: 6 | B8: Южный | C8: Рамный путепровод | D8: 4.62 | E8: 69 | F8: InfraRoad Maintenance | G8: =IF(OR(E8>=Нормативы!$B$4,D8>=Нормативы!$B$5),"Высокая",IF(OR(E8>=Нормативы!$B$6,D8>=Нормативы!$B$7),"Средняя","Низкая")) -> Средняя | H8: SHM-006 | I8: https://www.kaggle.com/datasets/programmer3/aging-bridge-shm-time-series-dataset
A9: 7 | B9: Северный | C9: Стальной балочный | D9: 3.24 | E9: 38.8 | F9: InfraRoad Maintenance | G9: =IF(OR(E9>=Нормативы!$B$4,D9>=Нормативы!$B$5),"Высокая",IF(OR(E9>=Нормативы!$B$6,D9>=Нормативы!$B$7),"Средняя","Низкая")) -> Средняя | H9: SHM-007 | I9: https://www.kaggle.com/datasets/programmer3/aging-bridge-shm-time-series-dataset
A10: 8 | B10: Центральный | C10: Железобетонный балочный | D10: 2.65 | E10: 35.3 | F10: City Bridge Service | G10: =IF(OR(E10>=Нормативы!$B$4,D10>=Нормативы!$B$5),"Высокая",IF(OR(E10>=Нормативы!$B$6,D10>=Нормативы!$B$7),"Средняя","Низкая")) -> Средняя | H10: SHM-008 | I10: https://www.kaggle.com/datasets/programmer3/aging-bridge-shm-time-series-dataset
A11: 9 | B11: Центральный | C11: Коробчатый железобетонный | D11: 4.19 | E11: 48.3 | F11: Urban Structures Unit | G11: =IF(OR(E11>=Нормативы!$B$4,D11>=Нормативы!$B$5),"Высокая",IF(OR(E11>=Нормативы!$B$6,D11>=Нормативы!$B$7),"Средняя","Низкая")) -> Средняя | H11: SHM-009 | I11: https://www.kaggle.com/datasets/programmer3/aging-bridge-shm-time-series-dataset
A12: 10 | B12: Промышленный | C12: Арочный стальной | D12: 3.74 | E12: 49.9 | F12: InfraRoad Maintenance | G12: =IF(OR(E12>=Нормативы!$B$4,D12>=Нормативы!$B$5),"Высокая",IF(OR(E12>=Нормативы!$B$6,D12>=Нормативы!$B$7),"Средняя","Низкая")) -> Средняя | H12: SHM-010 | I12: https://www.kaggle.com/datasets/programmer3/aging-bridge-shm-time-series-dataset
A13: 11 | B13: Западный | C13: Вантовый | D13: 5.06 | E13: 64.5 | F13: City Bridge Service | G13: =IF(OR(E13>=Нормативы!$B$4,D13>=Нормативы!$B$5),"Высокая",IF(OR(E13>=Нормативы!$B$6,D13>=Нормативы!$B$7),"Средняя","Низкая")) -> Высокая | H13: SHM-011 | I13: https://www.kaggle.com/datasets/programmer3/aging-bridge-shm-time-series-dataset
A14: 12 | B14: Восточный | C14: Рамный путепровод | D14: 4.76 | E14: 63 | F14: Urban Structures Unit | G14: =IF(OR(E14>=Нормативы!$B$4,D14>=Нормативы!$B$5),"Высокая",IF(OR(E14>=Нормативы!$B$6,D14>=Нормативы!$B$7),"Средняя","Низкая")) -> Средняя | H14: SHM-012 | I14: https://www.kaggle.com/datasets/programmer3/aging-bridge-shm-time-series-dataset
... A62: 60 | B62: Восточный | C62: Рамный путепровод | D62: 5.5 | E62: 64 | F62: InfraRoad Maintenance | G62: =IF(OR(E62>=Нормативы!$B$4,D62>=Нормативы!$B$5),"Высокая",IF(OR(E62>=Нормативы!$B$6,D62>=Нормативы!$B$7),"Средняя","Низкая")) -> Высокая | H62: SHM-060 | I62: https://www.kaggle.com/datasets/programmer3/aging-bridge-shm-time-series-dataset

Sheet Источники
A1: Открытые источники для мониторинга мостов и путепроводов
A3: № | B3: Источник | C3: Тип данных | D3: Частота поступления | E3: Формат | F3: Использование в работе | G3: URL
A4: 1 | B4: Aging Bridge SHM Time-Series Dataset | C4: Вибрация, degradation score, condition labels | D4: Временной ряд | E4: CSV | F4: Основа числового профиля 60 строк | G4: https://www.kaggle.com/datasets/programmer3/aging-bridge-shm-time-series-dataset
A5: 2 | B5: FHWA National Bridge Inventory | C5: Типы, местоположение, состояние, обслуживание | D5: Ежегодно | E5: CSV / API | F5: Справочник объектов и структуры полей | G5: https://services.arcgis.com/xOi1kZaI0eWDREZv/ArcGIS/rest/services/NTAD_National_Bridge_Inventory/FeatureServer
A6: 3 | B6: Route 345 Bridge SHM Dataset | C6: Акселерометры, деформации, повреждения | D6: Экспериментальные серии | E6: HDF5 | F6: Пример вибрационного SHM | G6: https://zenodo.org/records/15497673
A7: 4 | B7: Hell Bridge Test Arena | C7: Ускорения, деформации, состояния повреждения | D7: Экспериментальные серии | E7: HDF5 | F7: Источник для расширения модели | G7: https://zenodo.org/records/14632942
A8: 5 | B8: openLAB Research Bridge | C8: Acceleration, tilt, temperature, humidity | D8: Непрерывно / 10 минут | E8: CSV | F8: Пример постоянного IoT-мониторинга | G8: https://opara.zih.tu-dresden.de/items/6653124a-8659-40b8-817e-51250639c95b
A10: В исходную таблицу включено 60 учебных строк, приведённых к полям варианта 54. Числовой профиль опирается на открытый Aging Bridge SHM dataset; дополнительные открытые источники показаны для реальной архитектуры системы и проверки структуры мостовых данных.

Sheet Сбор данных
A1: Моделирование сбора данных
A3: Источник | B3: Время / период | C3: Записей в выборке | D3: Формат | E3: Статус загрузки | F3: Способ получения
A4: Aging Bridge SHM | B4: Временной ряд | C4: 60 | D4: CSV | E4: Использовано | F4: Открытый датасет
A5: FHWA NBI | B5: Ежегодно | C5: 0 | D5: CSV / API | E5: Справочник | F5: Open Data API
A6: Route 345 Bridge | B6: Эксперимент | C6: 0 | D6: HDF5 | E6: Резерв | F6: Zenodo
A7: Hell Bridge Test Arena | B7: Эксперимент | C7: 0 | D7: HDF5 | E7: Резерв | F7: Zenodo
A8: openLAB Research Bridge | B8: 10 мин / триггер | C8: 0 | D8: CSV | E8: Резерв | F8: Open Repository
A11: Показатель | B11: Значение
A12: Общее количество записей | B12: =SUM(C4:C8) -> 60
A13: Среднее количество записей на источник | B13: =AVERAGE(C4:C8) -> 12
A14: Максимальное количество | B14: =MAX(C4:C8) -> 60
A15: Минимальное количество | B15: =MIN(C4:C8) -> 0

Sheet Хранение
A1: Моделирование хранения данных
A3: Уровень | B3: Назначение | C3: Что хранится | D3: Технология Big Data | E3: Пример в лабораторной
A4: Raw Data | B4: Хранение без изменения | C4: Потоки акселерометров, FFT, температура, трафик, карточка объекта | D4: Object Storage / HDFS / Data Lake | E4: Лист «Исходные данные»
A5: Processed Data | B5: Очистка и нормализация | C5: Виброскорость, индекс износа, единые названия районов и объектов | D5: Spark ETL / Parquet | E5: Лист «Обработка»
A6: Analytical Data | B6: Агрегаты для контроля | C6: Средние по типам и организациям, риск по районам | D6: Data Mart / Spark SQL / PostgreSQL | E6: Листы «Анализ», «MapReduce», «Spark»
A8: В рабочей системе Raw-слой сохраняет исходные телеметрические сообщения, Processed-слой содержит очищенные показатели, а Analytical-слой — готовые агрегаты для дашборда, карты и планирования обследований.

Sheet Обработка
A1: Очистка и подготовка данных
A2: № объекта | B2: Район | C2: Тип конструкции | D2: Вибрация, мм/с | E2: Индекс износа, % | F2: Организация | G2: Категория риска | H2: Код строки | I2: Качество записи | K2: Контроль обработки | L2: Результат
A3: ='Исходные данные'!A3 -> 1 | B3: ='Исходные данные'!B3 -> Центральный | C3: ='Исходные данные'!C3 -> Стальной балочный | D3: ='Исходные данные'!D3 -> 4.79 | E3: ='Исходные данные'!E3 -> 44 | F3: ='Исходные данные'!F3 -> City Bridge Service | G3: ='Исходные данные'!G3 -> Средняя | H3: ='Исходные данные'!H3 -> SHM-001 | I3: =IF(OR(D3="",E3=""),"Пропуск","OK") -> OK | K3: Количество строк | L3: =COUNT(A3:A62) -> 60
A4: ='Исходные данные'!A4 -> 2 | B4: ='Исходные данные'!B4 -> Промышленный | C4: ='Исходные данные'!C4 -> Железобетонный балочный | D4: ='Исходные данные'!D4 -> 3.52 | E4: ='Исходные данные'!E4 -> 39.7 | F4: ='Исходные данные'!F4 -> Urban Structures Unit | G4: ='Исходные данные'!G4 -> Средняя | H4: ='Исходные данные'!H4 -> SHM-002 | I4: =IF(OR(D4="",E4=""),"Пропуск","OK") -> OK | K4: Строк с пропусками | L4: =COUNTIF(I3:I62,"Пропуск") -> 0
A5: ='Исходные данные'!A5 -> 3 | B5: ='Исходные данные'!B5 -> Западный | C5: ='Исходные данные'!C5 -> Коробчатый железобетонный | D5: ='Исходные данные'!D5 -> 3.23 | E5: ='Исходные данные'!E5 -> 43.8 | F5: ='Исходные данные'!F5 -> InfraRoad Maintenance | G5: ='Исходные данные'!G5 -> Средняя | H5: ='Исходные данные'!H5 -> SHM-003 | I5: =IF(OR(D5="",E5=""),"Пропуск","OK") -> OK | K5: Удалено дублей | L5: 0
A6: ='Исходные данные'!A6 -> 4 | B6: ='Исходные данные'!B6 -> Восточный | C6: ='Исходные данные'!C6 -> Арочный стальной | D6: ='Исходные данные'!D6 -> 4.14 | E6: ='Исходные данные'!E6 -> 50.9 | F6: ='Исходные данные'!F6 -> City Bridge Service | G6: ='Исходные данные'!G6 -> Средняя | H6: ='Исходные данные'!H6 -> SHM-004 | I6: =IF(OR(D6="",E6=""),"Пропуск","OK") -> OK | K6: Макс. вибрация, мм/с | L6: =MAX(D3:D62) -> 6.24
A7: ='Исходные данные'!A7 -> 5 | B7: ='Исходные данные'!B7 -> Восточный | C7: ='Исходные данные'!C7 -> Вантовый | D7: ='Исходные данные'!D7 -> 6.24 | E7: ='Исходные данные'!E7 -> 69.4 | F7: ='Исходные данные'!F7 -> Urban Structures Unit | G7: ='Исходные данные'!G7 -> Высокая | H7: ='Исходные данные'!H7 -> SHM-005 | I7: =IF(OR(D7="",E7=""),"Пропуск","OK") -> OK | K7: Макс. индекс износа, % | L7: =MAX(E3:E62) -> 77.7
A8: ='Исходные данные'!A8 -> 6 | B8: ='Исходные данные'!B8 -> Южный | C8: ='Исходные данные'!C8 -> Рамный путепровод | D8: ='Исходные данные'!D8 -> 4.62 | E8: ='Исходные данные'!E8 -> 69 | F8: ='Исходные данные'!F8 -> InfraRoad Maintenance | G8: ='Исходные данные'!G8 -> Средняя | H8: ='Исходные данные'!H8 -> SHM-006 | I8: =IF(OR(D8="",E8=""),"Пропуск","OK") -> OK
A9: ='Исходные данные'!A9 -> 7 | B9: ='Исходные данные'!B9 -> Северный | C9: ='Исходные данные'!C9 -> Стальной балочный | D9: ='Исходные данные'!D9 -> 3.24 | E9: ='Исходные данные'!E9 -> 38.8 | F9: ='Исходные данные'!F9 -> InfraRoad Maintenance | G9: ='Исходные данные'!G9 -> Средняя | H9: ='Исходные данные'!H9 -> SHM-007 | I9: =IF(OR(D9="",E9=""),"Пропуск","OK") -> OK
A10: ='Исходные данные'!A10 -> 8 | B10: ='Исходные данные'!B10 -> Центральный | C10: ='Исходные данные'!C10 -> Железобетонный балочный | D10: ='Исходные данные'!D10 -> 2.65 | E10: ='Исходные данные'!E10 -> 35.3 | F10: ='Исходные данные'!F10 -> City Bridge Service | G10: ='Исходные данные'!G10 -> Средняя | H10: ='Исходные данные'!H10 -> SHM-008 | I10: =IF(OR(D10="",E10=""),"Пропуск","OK") -> OK
A11: ='Исходные данные'!A11 -> 9 | B11: ='Исходные данные'!B11 -> Центральный | C11: ='Исходные данные'!C11 -> Коробчатый железобетонный | D11: ='Исходные данные'!D11 -> 4.19 | E11: ='Исходные данные'!E11 -> 48.3 | F11: ='Исходные данные'!F11 -> Urban Structures Unit | G11: ='Исходные данные'!G11 -> Средняя | H11: ='Исходные данные'!H11 -> SHM-009 | I11: =IF(OR(D11="",E11=""),"Пропуск","OK") -> OK
A12: ='Исходные данные'!A12 -> 10 | B12: ='Исходные данные'!B12 -> Промышленный | C12: ='Исходные данные'!C12 -> Арочный стальной | D12: ='Исходные данные'!D12 -> 3.74 | E12: ='Исходные данные'!E12 -> 49.9 | F12: ='Исходные данные'!F12 -> InfraRoad Maintenance | G12: ='Исходные данные'!G12 -> Средняя | H12: ='Исходные данные'!H12 -> SHM-010 | I12: =IF(OR(D12="",E12=""),"Пропуск","OK") -> OK
A13: ='Исходные данные'!A13 -> 11 | B13: ='Исходные данные'!B13 -> Западный | C13: ='Исходные данные'!C13 -> Вантовый | D13: ='Исходные данные'!D13 -> 5.06 | E13: ='Исходные данные'!E13 -> 64.5 | F13: ='Исходные данные'!F13 -> City Bridge Service | G13: ='Исходные данные'!G13 -> Высокая | H13: ='Исходные данные'!H13 -> SHM-011 | I13: =IF(OR(D13="",E13=""),"Пропуск","OK") -> OK
A14: ='Исходные данные'!A14 -> 12 | B14: ='Исходные данные'!B14 -> Восточный | C14: ='Исходные данные'!C14 -> Рамный путепровод | D14: ='Исходные данные'!D14 -> 4.76 | E14: ='Исходные данные'!E14 -> 63 | F14: ='Исходные данные'!F14 -> Urban Structures Unit | G14: ='Исходные данные'!G14 -> Средняя | H14: ='Исходные данные'!H14 -> SHM-012 | I14: =IF(OR(D14="",E14=""),"Пропуск","OK") -> OK
A15: ='Исходные данные'!A15 -> 13 | B15: ='Исходные данные'!B15 -> Восточный | C15: ='Исходные данные'!C15 -> Стальной балочный | D15: ='Исходные данные'!D15 -> 3.02 | E15: ='Исходные данные'!E15 -> 39.2 | F15: ='Исходные данные'!F15 -> Urban Structures Unit | G15: ='Исходные данные'!G15 -> Средняя | H15: ='Исходные данные'!H15 -> SHM-013 | I15: =IF(OR(D15="",E15=""),"Пропуск","OK") -> OK
A16: ='Исходные данные'!A16 -> 14 | B16: ='Исходные данные'!B16 -> Южный | C16: ='Исходные данные'!C16 -> Железобетонный балочный | D16: ='Исходные данные'!D16 -> 2.61 | E16: ='Исходные данные'!E16 -> 41.4 | F16: ='Исходные данные'!F16 -> InfraRoad Maintenance | G16: ='Исходные данные'!G16 -> Средняя | H16: ='Исходные данные'!H16 -> SHM-014 | I16: =IF(OR(D16="",E16=""),"Пропуск","OK") -> OK
A17: ='Исходные данные'!A17 -> 15 | B17: ='Исходные данные'!B17 -> Северный | C17: ='Исходные данные'!C17 -> Коробчатый железобетонный | D17: ='Исходные данные'!D17 -> 3.14 | E17: ='Исходные данные'!E17 -> 32.9 | F17: ='Исходные данные'!F17 -> City Bridge Service | G17: ='Исходные данные'!G17 -> Средняя | H17: ='Исходные данные'!H17 -> SHM-015 | I17: =IF(OR(D17="",E17=""),"Пропуск","OK") -> OK
A18: ='Исходные данные'!A18 -> 16 | B18: ='Исходные данные'!B18 -> Центральный | C18: ='Исходные данные'!C18 -> Арочный стальной | D18: ='Исходные данные'!D18 -> 4.4 | E18: ='Исходные данные'!E18 -> 60.2 | F18: ='Исходные данные'!F18 -> Urban Structures Unit | G18: ='Исходные данные'!G18 -> Средняя | H18: ='Исходные данные'!H18 -> SHM-016 | I18: =IF(OR(D18="",E18=""),"Пропуск","OK") -> OK
A19: ='Исходные данные'!A19 -> 17 | B19: ='Исходные данные'!B19 -> Центральный | C19: ='Исходные данные'!C19 -> Вантовый | D19: ='Исходные данные'!D19 -> 5.47 | E19: ='Исходные данные'!E19 -> 55.4 | F19: ='Исходные данные'!F19 -> InfraRoad Maintenance | G19: ='Исходные данные'!G19 -> Высокая | H19: ='Исходные данные'!H19 -> SHM-017 | I19: =IF(OR(D19="",E19=""),"Пропуск","OK") -> OK
... A62: ='Исходные данные'!A62 -> 60 | B62: ='Исходные данные'!B62 -> Восточный | C62: ='Исходные данные'!C62 -> Рамный путепровод | D62: ='Исходные данные'!D62 -> 5.5 | E62: ='Исходные данные'!E62 -> 64 | F62: ='Исходные данные'!F62 -> InfraRoad Maintenance | G62: ='Исходные данные'!G62 -> Высокая | H62: ='Исходные данные'!H62 -> SHM-060 | I62: =IF(OR(D62="",E62=""),"Пропуск","OK") -> OK

Sheet Анализ
A1: Анализ состояния мостов и путепроводов
A3: Показатель | B3: Значение
A4: Количество записей | B4: =COUNT('Исходные данные'!A3:A62) -> 60
A5: Средний индекс износа, % | B5: =AVERAGE(Обработка!E3:E62) -> 50.323333
A6: Средняя вибрация, мм/с | B6: =AVERAGE(Обработка!D3:D62) -> 3.9998333
A7: Максимальный индекс износа, % | B7: =MAX(Обработка!E3:E62) -> 77.7
A8: Максимальная вибрация, мм/с | B8: =MAX(Обработка!D3:D62) -> 6.24
A9: Высокий риск | B9: =COUNTIF('Исходные данные'!G3:G62,"Высокая") -> 16
A10: Средний риск | B10: =COUNTIF('Исходные данные'!G3:G62,"Средняя") -> 40
A11: Низкий риск | B11: =COUNTIF('Исходные данные'!G3:G62,"Низкая") -> 4
A14: Тип конструкции | B14: Средний износ, % | C14: Средняя вибрация, мм/с | D14: Высокий риск | F14: Район | G14: Объекты высокого риска
A15: Стальной балочный | B15: =AVERAGEIF(Обработка!$C$3:$C$62,A15,Обработка!$E$3:$E$62) -> 34.96 | C15: =AVERAGEIF(Обработка!$C$3:$C$62,A15,Обработка!$D$3:$D$62) -> 3.044 | D15: =COUNTIFS(Обработка!$C$3:$C$62,A15,Обработка!$G$3:$G$62,"Высокая") -> 0 | F15: Центральный | G15: =COUNTIFS(Обработка!$B$3:$B$62,F15,Обработка!$G$3:$G$62,"Высокая") -> 4
A16: Железобетонный балочный | B16: =AVERAGEIF(Обработка!$C$3:$C$62,A16,Обработка!$E$3:$E$62) -> 38.53 | C16: =AVERAGEIF(Обработка!$C$3:$C$62,A16,Обработка!$D$3:$D$62) -> 2.828 | D16: =COUNTIFS(Обработка!$C$3:$C$62,A16,Обработка!$G$3:$G$62,"Высокая") -> 0 | F16: Северный | G16: =COUNTIFS(Обработка!$B$3:$B$62,F16,Обработка!$G$3:$G$62,"Высокая") -> 1
A17: Коробчатый железобетонный | B17: =AVERAGEIF(Обработка!$C$3:$C$62,A17,Обработка!$E$3:$E$62) -> 45.37 | C17: =AVERAGEIF(Обработка!$C$3:$C$62,A17,Обработка!$D$3:$D$62) -> 3.391 | D17: =COUNTIFS(Обработка!$C$3:$C$62,A17,Обработка!$G$3:$G$62,"Высокая") -> 0 | F17: Южный | G17: =COUNTIFS(Обработка!$B$3:$B$62,F17,Обработка!$G$3:$G$62,"Высокая") -> 1
A18: Арочный стальной | B18: =AVERAGEIF(Обработка!$C$3:$C$62,A18,Обработка!$E$3:$E$62) -> 57.21 | C18: =AVERAGEIF(Обработка!$C$3:$C$62,A18,Обработка!$D$3:$D$62) -> 4.662 | D18: =COUNTIFS(Обработка!$C$3:$C$62,A18,Обработка!$G$3:$G$62,"Высокая") -> 4 | F18: Восточный | G18: =COUNTIFS(Обработка!$B$3:$B$62,F18,Обработка!$G$3:$G$62,"Высокая") -> 4
A19: Вантовый | B19: =AVERAGEIF(Обработка!$C$3:$C$62,A19,Обработка!$E$3:$E$62) -> 62.26 | C19: =AVERAGEIF(Обработка!$C$3:$C$62,A19,Обработка!$D$3:$D$62) -> 5.185 | D19: =COUNTIFS(Обработка!$C$3:$C$62,A19,Обработка!$G$3:$G$62,"Высокая") -> 7 | F19: Западный | G19: =COUNTIFS(Обработка!$B$3:$B$62,F19,Обработка!$G$3:$G$62,"Высокая") -> 2
A20: Рамный путепровод | B20: =AVERAGEIF(Обработка!$C$3:$C$62,A20,Обработка!$E$3:$E$62) -> 63.61 | C20: =AVERAGEIF(Обработка!$C$3:$C$62,A20,Обработка!$D$3:$D$62) -> 4.889 | D20: =COUNTIFS(Обработка!$C$3:$C$62,A20,Обработка!$G$3:$G$62,"Высокая") -> 5 | F20: Промышленный | G20: =COUNTIFS(Обработка!$B$3:$B$62,F20,Обработка!$G$3:$G$62,"Высокая") -> 4
A23: Обслуживающая организация | B23: Средний износ, % | C23: Средняя вибрация, мм/с | D23: Высокий риск
A24: City Bridge Service | B24: =AVERAGEIF(Обработка!$F$3:$F$62,A24,Обработка!$E$3:$E$62) -> 47.395 | C24: =AVERAGEIF(Обработка!$F$3:$F$62,A24,Обработка!$D$3:$D$62) -> 3.903 | D24: =COUNTIFS(Обработка!$F$3:$F$62,A24,Обработка!$G$3:$G$62,"Высокая") -> 4
A25: InfraRoad Maintenance | B25: =AVERAGEIF(Обработка!$F$3:$F$62,A25,Обработка!$E$3:$E$62) -> 50.72 | C25: =AVERAGEIF(Обработка!$F$3:$F$62,A25,Обработка!$D$3:$D$62) -> 3.949 | D25: =COUNTIFS(Обработка!$F$3:$F$62,A25,Обработка!$G$3:$G$62,"Высокая") -> 5
A26: Urban Structures Unit | B26: =AVERAGEIF(Обработка!$F$3:$F$62,A26,Обработка!$E$3:$E$62) -> 52.855 | C26: =AVERAGEIF(Обработка!$F$3:$F$62,A26,Обработка!$D$3:$D$62) -> 4.1475 | D26: =COUNTIFS(Обработка!$F$3:$F$62,A26,Обработка!$G$3:$G$62,"Высокая") -> 7

Sheet MapReduce
A1: MapReduce: подсчёт объектов высокой категории риска по районам
A3: Map — Key (район) | B3: Map — Value | C3: Категория риска | E3: Shuffle/Sort — Key | F3: Values | G3: Reduce — сумма
A4: ='Исходные данные'!B3 -> Центральный | B4: =IF('Исходные данные'!G3="Высокая",1,0) -> 0 | C4: ='Исходные данные'!G3 -> Средняя | E4: Центральный | F4: 0, 0, 0, 0, 1, 0, 0, 0, 0, 1, 1, 1, 0, 0, 0 | G4: =SUMIF($A$4:$A$63,E4,$B$4:$B$63) -> 4
A5: ='Исходные данные'!B4 -> Промышленный | B5: =IF('Исходные данные'!G4="Высокая",1,0) -> 0 | C5: ='Исходные данные'!G4 -> Средняя | E5: Северный | F5: 0, 0, 1, 0, 0, 0, 0 | G5: =SUMIF($A$4:$A$63,E5,$B$4:$B$63) -> 1
A6: ='Исходные данные'!B5 -> Западный | B6: =IF('Исходные данные'!G5="Высокая",1,0) -> 0 | C6: ='Исходные данные'!G5 -> Средняя | E6: Южный | F6: 0, 0, 0, 1, 0, 0, 0 | G6: =SUMIF($A$4:$A$63,E6,$B$4:$B$63) -> 1
A7: ='Исходные данные'!B6 -> Восточный | B7: =IF('Исходные данные'!G6="Высокая",1,0) -> 0 | C7: ='Исходные данные'!G6 -> Средняя | E7: Восточный | F7: 0, 1, 0, 0, 0, 0, 0, 0, 0, 0, 0, 0, 1, 1, 1 | G7: =SUMIF($A$4:$A$63,E7,$B$4:$B$63) -> 4
A8: ='Исходные данные'!B7 -> Восточный | B8: =IF('Исходные данные'!G7="Высокая",1,0) -> 1 | C8: ='Исходные данные'!G7 -> Высокая | E8: Западный | F8: 0, 1, 0, 0, 1, 0, 0, 0 | G8: =SUMIF($A$4:$A$63,E8,$B$4:$B$63) -> 2
A9: ='Исходные данные'!B8 -> Южный | B9: =IF('Исходные данные'!G8="Высокая",1,0) -> 0 | C9: ='Исходные данные'!G8 -> Средняя | E9: Промышленный | F9: 0, 0, 1, 0, 1, 1, 0, 1 | G9: =SUMIF($A$4:$A$63,E9,$B$4:$B$63) -> 4
A10: ='Исходные данные'!B9 -> Северный | B10: =IF('Исходные данные'!G9="Высокая",1,0) -> 0 | C10: ='Исходные данные'!G9 -> Средняя
A11: ='Исходные данные'!B10 -> Центральный | B11: =IF('Исходные данные'!G10="Высокая",1,0) -> 0 | C11: ='Исходные данные'!G10 -> Средняя
A12: ='Исходные данные'!B11 -> Центральный | B12: =IF('Исходные данные'!G11="Высокая",1,0) -> 0 | C12: ='Исходные данные'!G11 -> Средняя
A13: ='Исходные данные'!B12 -> Промышленный | B13: =IF('Исходные данные'!G12="Высокая",1,0) -> 0 | C13: ='Исходные данные'!G12 -> Средняя
A14: ='Исходные данные'!B13 -> Западный | B14: =IF('Исходные данные'!G13="Высокая",1,0) -> 1 | C14: ='Исходные данные'!G13 -> Высокая
A15: ='Исходные данные'!B14 -> Восточный | B15: =IF('Исходные данные'!G14="Высокая",1,0) -> 0 | C15: ='Исходные данные'!G14 -> Средняя
A16: ='Исходные данные'!B15 -> Восточный | B16: =IF('Исходные данные'!G15="Высокая",1,0) -> 0 | C16: ='Исходные данные'!G15 -> Средняя
A17: ='Исходные данные'!B16 -> Южный | B17: =IF('Исходные данные'!G16="Высокая",1,0) -> 0 | C17: ='Исходные данные'!G16 -> Средняя
A18: ='Исходные данные'!B17 -> Северный | B18: =IF('Исходные данные'!G17="Высокая",1,0) -> 0 | C18: ='Исходные данные'!G17 -> Средняя
A19: ='Исходные данные'!B18 -> Центральный | B19: =IF('Исходные данные'!G18="Высокая",1,0) -> 0 | C19: ='Исходные данные'!G18 -> Средняя
A20: ='Исходные данные'!B19 -> Центральный | B20: =IF('Исходные данные'!G19="Высокая",1,0) -> 1 | C20: ='Исходные данные'!G19 -> Высокая
A21: ='Исходные данные'!B20 -> Промышленный | B21: =IF('Исходные данные'!G20="Высокая",1,0) -> 1 | C21: ='Исходные данные'!G20 -> Высокая
... A63: ='Исходные данные'!B62 -> Восточный | B63: =IF('Исходные данные'!G62="Высокая",1,0) -> 1 | C63: ='Исходные данные'!G62 -> Высокая

Sheet Spark
A1: Spark-модель: группировка объектов по категориям риска и обслуживающим организациям
A3: Этап Spark | B3: Операция | C3: Результат | E3: Эквивалент в PySpark | F3: Назначение
A4: Read | B4: Загрузка данных | C4: 60 строк | E4: spark.read.csv(...) | F4: Чтение
A5: Filter | B5: Проверка полноты | C5: Рабочий набор | E5: df.filter(...) | F5: Очистка
A6: Select | B6: Выбор полей | C6: organization, risk, wear, vibration | E6: df.select(...) | F6: Подготовка
A7: GroupBy | B7: Группировка | C7: organization + risk | E7: df.groupBy("organization","risk") | F7: Группировка
A8: Aggregate | B8: count / avg | C8: Количество и средние показатели | E8: .agg(...) | F8: Агрегирование
A9: Result | B9: Итог | C9: Аналитическая таблица | F9: Вывод
A12: Обслуживающая организация | B12: Категория риска | C12: Количество | D12: Средний износ, % | E12: Средняя вибрация, мм/с
A13: City Bridge Service | B13: Высокая | C13: =COUNTIFS('Исходные данные'!$F$3:$F$62,A13,'Исходные данные'!$G$3:$G$62,B13) -> 4 | D13: =IF(C13=0,"",SUMIFS('Исходные данные'!$E$3:$E$62,'Исходные данные'!$F$3:$F$62,A13,'Исходные данные'!$G$3:$G$62,B13)/C13) -> 65.875 | E13: =IF(C13=0,"",SUMIFS('Исходные данные'!$D$3:$D$62,'Исходные данные'!$F$3:$F$62,A13,'Исходные данные'!$G$3:$G$62,B13)/C13) -> 5.5425
A14: City Bridge Service | B14: Средняя | C14: =COUNTIFS('Исходные данные'!$F$3:$F$62,A14,'Исходные данные'!$G$3:$G$62,B14) -> 16 | D14: =IF(C14=0,"",SUMIFS('Исходные данные'!$E$3:$E$62,'Исходные данные'!$F$3:$F$62,A14,'Исходные данные'!$G$3:$G$62,B14)/C14) -> 42.775 | E14: =IF(C14=0,"",SUMIFS('Исходные данные'!$D$3:$D$62,'Исходные данные'!$F$3:$F$62,A14,'Исходные данные'!$G$3:$G$62,B14)/C14) -> 3.493125
A15: City Bridge Service | B15: Низкая | C15: =COUNTIFS('Исходные данные'!$F$3:$F$62,A15,'Исходные данные'!$G$3:$G$62,B15) -> 0 | D15: =IF(C15=0,"",SUMIFS('Исходные данные'!$E$3:$E$62,'Исходные данные'!$F$3:$F$62,A15,'Исходные данные'!$G$3:$G$62,B15)/C15) | E15: =IF(C15=0,"",SUMIFS('Исходные данные'!$D$3:$D$62,'Исходные данные'!$F$3:$F$62,A15,'Исходные данные'!$G$3:$G$62,B15)/C15)
A16: InfraRoad Maintenance | B16: Высокая | C16: =COUNTIFS('Исходные данные'!$F$3:$F$62,A16,'Исходные данные'!$G$3:$G$62,B16) -> 5 | D16: =IF(C16=0,"",SUMIFS('Исходные данные'!$E$3:$E$62,'Исходные данные'!$F$3:$F$62,A16,'Исходные данные'!$G$3:$G$62,B16)/C16) -> 66.32 | E16: =IF(C16=0,"",SUMIFS('Исходные данные'!$D$3:$D$62,'Исходные данные'!$F$3:$F$62,A16,'Исходные данные'!$G$3:$G$62,B16)/C16) -> 5.506
A17: InfraRoad Maintenance | B17: Средняя | C17: =COUNTIFS('Исходные данные'!$F$3:$F$62,A17,'Исходные данные'!$G$3:$G$62,B17) -> 13 | D17: =IF(C17=0,"",SUMIFS('Исходные данные'!$E$3:$E$62,'Исходные данные'!$F$3:$F$62,A17,'Исходные данные'!$G$3:$G$62,B17)/C17) -> 46.915385 | E17: =IF(C17=0,"",SUMIFS('Исходные данные'!$D$3:$D$62,'Исходные данные'!$F$3:$F$62,A17,'Исходные данные'!$G$3:$G$62,B17)/C17) -> 3.6092308
A18: InfraRoad Maintenance | B18: Низкая | C18: =COUNTIFS('Исходные данные'!$F$3:$F$62,A18,'Исходные данные'!$G$3:$G$62,B18) -> 2 | D18: =IF(C18=0,"",SUMIFS('Исходные данные'!$E$3:$E$62,'Исходные данные'!$F$3:$F$62,A18,'Исходные данные'!$G$3:$G$62,B18)/C18) -> 36.45 | E18: =IF(C18=0,"",SUMIFS('Исходные данные'!$D$3:$D$62,'Исходные данные'!$F$3:$F$62,A18,'Исходные данные'!$G$3:$G$62,B18)/C18) -> 2.265
A19: Urban Structures Unit | B19: Высокая | C19: =COUNTIFS('Исходные данные'!$F$3:$F$62,A19,'Исходные данные'!$G$3:$G$62,B19) -> 7 | D19: =IF(C19=0,"",SUMIFS('Исходные данные'!$E$3:$E$62,'Исходные данные'!$F$3:$F$62,A19,'Исходные данные'!$G$3:$G$62,B19)/C19) -> 64.542857 | E19: =IF(C19=0,"",SUMIFS('Исходные данные'!$D$3:$D$62,'Исходные данные'!$F$3:$F$62,A19,'Исходные данные'!$G$3:$G$62,B19)/C19) -> 5.4828571
A20: Urban Structures Unit | B20: Средняя | C20: =COUNTIFS('Исходные данные'!$F$3:$F$62,A20,'Исходные данные'!$G$3:$G$62,B20) -> 11 | D20: =IF(C20=0,"",SUMIFS('Исходные данные'!$E$3:$E$62,'Исходные данные'!$F$3:$F$62,A20,'Исходные данные'!$G$3:$G$62,B20)/C20) -> 48.645455 | E20: =IF(C20=0,"",SUMIFS('Исходные данные'!$D$3:$D$62,'Исходные данные'!$F$3:$F$62,A20,'Исходные данные'!$G$3:$G$62,B20)/C20) -> 3.6190909
A21: Urban Structures Unit | B21: Низкая | C21: =COUNTIFS('Исходные данные'!$F$3:$F$62,A21,'Исходные данные'!$G$3:$G$62,B21) -> 2 | D21: =IF(C21=0,"",SUMIFS('Исходные данные'!$E$3:$E$62,'Исходные данные'!$F$3:$F$62,A21,'Исходные данные'!$G$3:$G$62,B21)/C21) -> 35.1 | E21: =IF(C21=0,"",SUMIFS('Исходные данные'!$D$3:$D$62,'Исходные данные'!$F$3:$F$62,A21,'Исходные данные'!$G$3:$G$62,B21)/C21) -> 2.38

Sheet MapReduce vs Spark
A1: Сравнение MapReduce и Apache Spark
A3: Критерий | B3: MapReduce | C3: Apache Spark
A4: Принцип работы | B4: Map → Shuffle/Sort → Reduce | C4: Цепочка распределённых transformations/actions
A5: Скорость | B5: Подходит для больших пакетных подсчётов | C5: Быстрее в повторных и потоковых операциях
A6: Память | B6: Чаще опирается на дисковые промежуточные данные | C6: Активно использует оперативную память
A7: Повторные вычисления | B7: Более затратны | C7: Эффективны при кэшировании
A8: Потоковая обработка | B8: Не основная задача | C8: Structured Streaming
A9: SQL | B9: Не основная функция | C9: Spark SQL
A10: Machine Learning | B10: Нужны внешние инструменты | C10: MLlib
A11: Графовый анализ | B11: Не основное назначение | C11: GraphX
A12: Преимущество | B12: Простая схема массового подсчёта | C12: Одна платформа для ETL, потоков, SQL и ML
A13: Недостаток | B13: Много операций чтения/записи на диск | C13: Выше требования к памяти и настройке кластера
A15: Для этого варианта основным инструментом выбран Spark: данные от IoT-датчиков поступают постоянно, поэтому удобны Structured Streaming, группировки, вычисление средних и дальнейшее подключение MLlib. MapReduce показан отдельно для понятного подсчёта объектов высокого риска по районам.

Sheet Архитектура
A1: Big Data архитектура непрерывного мониторинга инженерных сооружений (IoT Structural Health)
A3: Этап | B3: Компонент | C3: Конкретный пример | D3: Вход | E3: Выход | F3: Задача
A4: 1. Источники данных | B4: Data Sources | C4: Акселерометры, тензодатчики, наклономеры, температура, трафик, инспекции | D4: Физические сигналы | E4: Телеметрия | F4: Непрерывное наблюдение
A5: 2. Edge-сбор | B5: IoT / Edge | C5: ESP32/industrial gateway, локальный RMS/FFT | D5: Сырые сигналы | E5: Признаки и пакеты | F5: Сокращение объёма и первичная проверка
A6: 3. Передача | B6: Data Ingestion | C6: MQTT → Apache Kafka / NiFi | D6: Поток событий | E6: Топики Kafka | F6: Надёжная доставка
A7: 4. Хранение | B7: Data Storage | C7: Data Lake S3/HDFS + Parquet; PostgreSQL/TimescaleDB | D7: Сырой и очищенный поток | E7: Raw / Processed / Analytical | F7: История измерений
A8: 5. Обработка | B8: Data Processing | C8: Spark Structured Streaming + batch Spark | D8: Телеметрия | E8: Очищенные признаки и агрегаты | F8: ETL, окна, группировки
A9: 6. Анализ | B9: Data Analytics | C9: Spark SQL / MLlib / anomaly detection | D9: Признаки | E9: Риск, тренды, аномалии | F9: Раннее выявление ухудшения
A10: 7. Визуализация | B10: Data Visualization | C10: Grafana / Power BI / GIS / Digital Twin | D10: Метрики | E10: Дашборды и карта | F10: Контроль состояния
A11: 8. Решение | B11: Decision Making | C11: Уведомление, внеплановый осмотр, ограничение нагрузки, ремонт | D11: Высокий риск | E11: Заявка и действие | F11: Обслуживание по состоянию
A14: ИСТОЧНИКИ: акселерометры + тензодатчики + температура + трафик + инспекции
A15: ↓
A16: EDGE: IoT Gateway → фильтрация → RMS / FFT
A17: ↓
A18: ПЕРЕДАЧА: MQTT → Kafka / NiFi
A19: ↓
A20: ХРАНЕНИЕ: Data Lake → Raw / Processed / Analytical
A21: ↓
A22: ОБРАБОТКА: Spark Structured Streaming + batch
A23: ↓
A24: АНАЛИЗ: Spark SQL / MLlib → индекс износа / риск / аномалии
A25: ↓
... A28: РЕШЕНИЕ: предупреждение → обследование → ограничение нагрузки / ремонт

Sheet Вывод
A1: Вывод по лабораторной работе
A3: В работе подготовлена выборка из 60 записей для мониторинга мостов и путепроводов. Для каждого объекта указаны район, тип конструкции, уровень вибрации, индекс износа, обслуживающая организация и категория риска. Средние показатели рассчитаны отдельно по типам конструкций и организациям. В MapReduce район используется как ключ, а объект высокой категории риска получает значение 1. После группировки значения суммируются. В Spark выполнена группировка по обслуживающей организации и категории риска с подсчётом объектов и средних показателей. Для постоянного мониторинга подходит схема IoT Structural Health: датчики → edge-шлюз → MQTT/Kafka → Data Lake → Spark → аналитика → Grafana/Power BI/Digital Twin. Такая архитектура позволяет видеть ухудшение состояния объекта до очередного планового обследования и быстрее передавать информацию обслуживающей организации.
